commit_hash,date,title,exclusion_reason,review_notes
0e5fe3aad92002d175895b7c6eba51f47e46ee72,2026-06-22,BY: First Semantic Mutation Attribution,Test and helper instrumentation only; no production runtime source repair; primary intent is semantic mutation attribution observability,CA6 review 2026-06-22; production_files=0
b0803f2703dccda3f2a34588ecf589f00492ca61,2026-06-22,BZ: Protected Replay Trend Window #2,Test and generated-artifact trend instrumentation only; no production runtime source repair; primary intent is replay trend measurement,CA6 review 2026-06-22; production_files=0
a31cb35a35408d8cad0a914b474989a289015685,2026-06-21,BW: Protected Replay Trend Window,Test and generated-artifact trend instrumentation only; no production runtime source repair; primary intent is replay trend measurement,CA6 review 2026-06-22; production_files=0
d65a53503ba70dc9b59de00d165419592171c1bf,2026-06-19,BP: Runtime Fallback Incidence Instrumentation,Observability and test instrumentation only; no production runtime source repair; primary intent is fallback incidence measurement,CA6 review 2026-06-22; production_files=0
683c8dfb6e5e086e7bf03f4b616d7ded4d2785aa,2026-06-17,BK: Fallback Ownership Compression,Planned fallback ownership compression cycle delivery; no evidenced concrete defect repair boundary separable from architecture refactor,CA6 review 2026-06-22; cycle=BK
97b1836d58e46fc3c17eee875c4305c5d02cd869,2026-06-16,BL: Replay Projection Simplification,Test-side replay projection simplification only; no production runtime source repair; primary intent is maintenance compression,CA6 review 2026-06-22; production_files=0
f7e73fbf6f38c92a93831b42d87f17136b8d88c9,2026-06-13,BI: Golden Replay Ownership Isolation,Test ownership isolation refactor only; no production runtime source repair; primary intent is replay governance decomposition,CA6 review 2026-06-22; production_files=0
a7d6025b6990ad16b5ef5acac25c8f8c65294aba,2026-06-10,AY: Bug-Class Recurrence Tracking,Recurrence tracking instrumentation only; no production runtime source repair; primary intent is observability not defect repair,CA6 review 2026-06-22; production_files=0
ca830c20b236e098ffb7f9c99370b369cc37c93c,2026-06-10,BB: Replay Surface Area Compression,Test replay surface compression only; no production runtime source repair; primary intent is maintenance reduction,CA6 review 2026-06-22; production_files=0
d067e5197ae478188c7b59bc7012b4dc5cce293c,2026-06-10,AX: Replay Harness Simplification,Test harness simplification only; no production runtime source repair; primary intent is test maintenance compression,CA6 review 2026-06-22; production_files=0
e9263f1943e06dadf0e0ebefcfaa782c29fff354,2026-06-10,BC: Golden Replay Concentration Reduction,Test golden replay concentration reduction only; no production runtime source repair; primary intent is test maintenance compression,CA6 review 2026-06-22; production_files=0
7ed7a8bf2ae92fe202e7b7473bed919f12cad5f8,2026-06-07,AU: Golden Replay Ownership Compression,Test ownership compression only; no production runtime source repair; primary intent is replay governance refactor,CA6 review 2026-06-22; production_files=0
ef5fc34f58874ae1cbe07fe5de3622d041439052,2026-06-07,AV: Replay Drift Governance Promotion,Test and docs governance promotion only; no production runtime source repair; primary intent is observability promotion,CA6 review 2026-06-22; production_files=0
6210a5d6d703ab5bd901a55777b1be3acd3eef77,2026-06-06,AR: Replay Drift Classification,Test drift classification infrastructure only; no production runtime source repair; primary intent is governance taxonomy,CA6 review 2026-06-22; production_files=0
59c14aa41fac7365846796f646a1e589ca1a28bb,2026-06-03,AP: Fallback Authorship Resolution,Planned fallback authorship resolution cycle delivery; production edits serve ownership attribution consolidation not an evidenced standalone defect repair,CA6 review 2026-06-22; cycle=AP
927dae2f3d8efc784902f2a9f4bff55d1ac2c512,2026-06-03,AO: Replay Ownership Consolidation,Planned replay ownership consolidation cycle delivery; no separable concrete defect repair; primary intent is architecture cleanup,CA6 review 2026-06-22; cycle=AO
371b38cc23bf2c03ee5b023b69459010163701fa,2026-06-02,AJ: Opening Fallback Metadata Consolidation,Planned opening fallback metadata consolidation; primary intent is ownership/metadata refactor not corrective defect response,CA6 review 2026-06-22; cycle=AJ
43de427005379fdc08dd5164c5c8df72e6788f4f,2026-06-02,AK: Replay Schema Maintenance Compression Recon,Reconnaissance and test maintenance compression only; no production runtime source repair; primary intent is discovery not defect repair,CA6 review 2026-06-22; production_files=0
b1c168065f7a69322bc6f93ce29e8e2eb9d2d798,2026-06-02,AM: Fallback Adapter Retirement,Planned fallback adapter retirement and gate decomposition; primary intent is architecture refactor not corrective defect response,CA6 review 2026-06-22; cycle=AM
2d0ca8212dff2ac0089a2982e28a406a1fad2a50,2026-05-31,Cycle AC replay surface compression,Test replay surface compression cycle delivery only; no production runtime source repair,CA6 review 2026-06-22; cycle=AC; production_files=0
b54b31154e0e9e6e2313624d6103f723c9cd8bcc,2026-05-31,Close Cycle AB fallback topology collapse,Planned fallback topology collapse cycle closeout; primary intent is architecture and test decomposition not corrective defect response,CA6 review 2026-06-22; cycle=AB
c45cfe0db2ccbf7b074a1dc9fc0f09bc84e39d4b,2026-05-31,Finalize strict social fallback ownership extraction,Ownership extraction finalize step only; primary intent is planned decomposition not evidenced concrete defect repair,CA6 review 2026-06-22; cycle=AB
6ecb98eb23e54d390a0bb383baad555e83844e2f,2026-05-30,Cycle Q replay cost compression,Test replay cost compression cycle delivery only; no production runtime source repair,CA6 review 2026-06-22; cycle=Q; production_files=0
1c5b9d8f9efcf72f9925cb0392d9746f388abbf9,2026-05-29,P: Collapse fallback family ownership ambiguity,Planned fallback family ownership collapse cycle delivery; primary intent is ownership clarity refactor not corrective defect response,CA6 review 2026-06-22; cycle=P
2619bb5f1493cbd9fe85e2a688157f0538728d07,2026-05-26,K: Promote replay acceptance gate,Test replay acceptance gate promotion only; no production runtime source repair; primary intent is governance test promotion,CA6 review 2026-06-22; production_files=0
fd5f1a91176a335b148de903163bbbd44bced6ec,2026-05-26,Cycle I: Contract opening fallback authorship attribution,Planned opening fallback authorship contract cycle delivery; primary intent is attribution contract work not corrective defect response,CA6 review 2026-06-22; cycle=I
